<?xml version="1.0" encoding="utf-8" ?>
<Defs>
  <ThingDef ParentName="XFMParmor_MechanicalArmorCore">
    <defName>XFMParmor_MechanicalArmorCore_Red</defName>
    <thingClass>MParmorLibrary.MParmorCore_Red</thingClass>
    <label>mechframe core: falcon</label>
    <description>The core of mechframe falcon.</description>
    <comps>
      <li Class="MParmorLibrary.CompProperties_MechanicalArmor">
        <mechanicalArmor>MechanicalArmor_Red</mechanicalArmor>
        <AiClass>MParmorLibrary.MParmorT_AITracker_Red</AiClass>
        <AiText>>When standing still and not currently melee attacking, search for enemies within 20 tiles radius.\n>If avaliable target is found, automatically move in and attack.\n>When melee attacking or approaching target, use charged assault when possible.\n>When harmed by ranged attack, automatically use active reflection if avaliable.</AiText>
      </li>
      <li Class="MParmorLibrary.SkillSystem.CompProperties_Skills">
        <skills>
          <li>
            <verb>
              <verbClass>MParmorLibrary.Verb_VigorouslyRebound</verbClass>
              <label>active reflection</label>
              <violent>false</violent>
              <range>1.7</range>
              <hasStandardCommand>true</hasStandardCommand>
              <targetable>false</targetable>
              <commandIcon>XFMParmor/MParmor/Red/skillB</commandIcon>
              <onlyManualCast>True</onlyManualCast>
              <nonInterruptingSelfCast>true</nonInterruptingSelfCast>
            </verb>
            <id>VigorouslyRebound</id>
            <energy>780</energy>
            <description>Generates a force field around the mechframe that reflects bullets back to their shooters for the duration of activation.</description>
            <skillValueA>150</skillValueA>
          </li>
          <li>
            <verb>
              <verbClass>MParmorLibrary.Verb_Sweep</verbClass>
              <label>charged assault</label>
              <violent>true</violent>
              <range>29.9</range>
              <hasStandardCommand>true</hasStandardCommand>
              <commandIcon>XFMParmor/MParmor/Red/skillA</commandIcon>
              <onlyManualCast>True</onlyManualCast>
              <forceNormalTimeSpeed>false</forceNormalTimeSpeed>
              <requireLineOfSight>true</requireLineOfSight>
              <targetParams>
                <canTargetLocations>true</canTargetLocations>
                <canTargetPawns>false</canTargetPawns>
                <canTargetBuildings>false</canTargetBuildings>
              </targetParams>
            </verb>
            <id>Sweep</id>
            <energy>480</energy>
            <description>Zips betweed adjacent enemies and attack them with lightning speed slashes. The cool down decreases as the blades' attack speed increases.</description>
            <skillValueA>60</skillValueA>
          </li>
        </skills>
      </li>
    </comps>
  </ThingDef>

  <ThingDef ParentName="PawnFlyerBase">
    <defName>XFMParmor_PawnJumper_RedSkill</defName>
    <thingClass>MParmorLibrary.PawnFlyer_RedSkill</thingClass>
    <pawnFlyer>
      <flightDurationMin>0.5</flightDurationMin>
      <flightSpeed>50</flightSpeed>
    </pawnFlyer>
  </ThingDef>

  <ThingDef ParentName="EtherealThingBase">
    <defName>XFMParmor_PawnSweeper</defName>
    <thingClass>MParmorLibrary.PawnSweeper</thingClass>
    <label>sweeper</label>
    <useHitPoints>false</useHitPoints>
    <drawOffscreen>true</drawOffscreen>
    <tickerType>Normal</tickerType>
    <altitudeLayer>Skyfaller</altitudeLayer>
    <drawerType>None</drawerType>
  </ThingDef>
  
  <ThingDef ParentName="XFMParmor_MechanicalArmorWeapon">
    <defName>XFMParmor_Weapon_Red</defName>
    <label>plasma dual blade</label>
    <description>Gigantic swords intended only for mechframes. The dual blades gain power from attacks, speeding up their attack speed.</description>
    <graphicData>
      <texPath>XFMParmor/MParmor/Red/WeaponIcon</texPath>
      <graphicClass>Graphic_Single</graphicClass>
      <shaderType>TransparentPostLight</shaderType>
    </graphicData>
    <statBases>
      <Mass>4.6</Mass>
    </statBases>
    <comps>
      <li Class="MParmorLibrary.CompProperties_MechanicalArmor">
        <mechanicalArmor>MechanicalArmor_Red</mechanicalArmor>
      </li>
      <li Class="Tower_WeaponDrawFrame.CompProperties_WeaponDraw">
        <rotOffset>
          <graphicData>
            <texPath>XFMParmor/MParmor/Red/Weapon</texPath>
            <graphicClass>Graphic_Single</graphicClass>
            <shaderType>TransparentPostLight</shaderType>
            <drawSize>(3.5,3.5)</drawSize>
          </graphicData>
          <north>
            <offset>(-0.25,-0.01,0.1)</offset>
            <inverse>true</inverse>
            <angle>245</angle>
          </north>
          <east>
            <offset>(0,0.004,0)</offset>
            <angle>-75</angle>
          </east>
          <west>
            <offset>(0,0.004,0)</offset>
            <angle>75</angle>
          </west>
          <south>
            <offset>(-0.25,0.01,-0.1)</offset>
            <angle>-65</angle>
          </south>
          <stand>
            <offset>(-0.4,0.01,-0.1)</offset>
            <angle>-65</angle>
          </stand>
          <northStand>
            <offset>(0.5,0.01,-0.2)</offset>
            <angle>-65</angle>
          </northStand>
        </rotOffset>
        <offHand>
          <graphicData>
            <texPath>XFMParmor/MParmor/Red/Weapon</texPath>
            <graphicClass>Graphic_Single</graphicClass>
            <shaderType>TransparentPostLight</shaderType>
            <drawSize>(3.5,3.5)</drawSize>
          </graphicData>
          <north>
            <offset>(0.25,-0.01,0.1)</offset>
            <angle>295</angle>
          </north>
          <east>
            <offset>(0,-1.004,0)</offset>
            <angle>-45</angle>
          </east>
          <west>
            <offset>(0,-1.004,0)</offset>
            <angle>45</angle>
          </west>
          <south>
            <offset>(0.25,0.01,-0.1)</offset>
            <inverse>true</inverse>
            <angle>-115</angle>
          </south>
          <stand>
            <offset>(0.4,0.01,-0.1)</offset>
            <inverse>true</inverse>
            <angle>-40</angle>
          </stand>
          <northStand>
            <offset>(-0.5,0.01,-0.2)</offset>
            <inverse>true</inverse>
            <angle>-40</angle>
          </northStand>
        </offHand>
      </li>
    </comps>
    <tools>
      <li>
        <label>刃</label>
        <capacities>
          <li>XFMParmor_ToolC_Red</li>
        </capacities>
        <power>22</power>
        <cooldownTime>1.5</cooldownTime>
      </li>
    </tools>
  </ThingDef>
  <ToolCapacityDef>
    <defName>XFMParmor_ToolC_Red</defName>
    <label>cut</label><!--记得改=============================-->
  </ToolCapacityDef>
  <ManeuverDef>
    <defName>XFMParmor_Maneuver_Red</defName>
    <requiredCapacity>XFMParmor_ToolC_Red</requiredCapacity>
    <verb>
      <verbClass>MParmorLibrary.Verb_MeleeAttact_ChangingSpeed</verbClass>
      <meleeDamageDef>Cut</meleeDamageDef>
    </verb>
    <logEntryDef>MeleeAttack</logEntryDef>
    <combatLogRulesHit>Maneuver_Slash_MeleeHit</combatLogRulesHit>
    <combatLogRulesDeflect>Maneuver_Slash_MeleeDeflect</combatLogRulesDeflect>
    <combatLogRulesMiss>Maneuver_Slash_MeleeMiss</combatLogRulesMiss>
    <combatLogRulesDodge>Maneuver_Slash_MeleeDodge</combatLogRulesDodge>
  </ManeuverDef>
  
</Defs>