<?xml version="1.0" encoding="utf-8"?>
<Defs>
  <ThingDef ParentName="ApparelBase">
    <defName>XFMParmor_DriverShield</defName>
    <label>shield</label>
    <description>A shield.</description>
    <thingClass>MParmorLibrary.DriverShield</thingClass>
    <tradeability>None</tradeability>
    <graphicData>
      <texPath>XFMParmor/Shield</texPath>
      <drawSize>1.3</drawSize>
      <graphicClass>Graphic_Single</graphicClass>
      <shaderType>Transparent</shaderType>
    </graphicData>
    <tickerType>Normal</tickerType>
    <smeltable>false</smeltable>
    <statBases>
      <Mass>0</Mass>
      <WorkToMake>200</WorkToMake>
      <Flammability>0</Flammability>
    </statBases>
    <techLevel>Archotech</techLevel>
    <apparel>
      <careIfWornByCorpse>false</careIfWornByCorpse>
      <bodyPartGroups>
        <li>Waist</li>
      </bodyPartGroups>
      <layers>
        <li>XFMParmor_Layer_MechanicalArmorCore</li>
      </layers>
      <tags>
        <li>XFMParmor_AntiMPArmorShield</li>
      </tags>
    </apparel>
    <comps Inherit = "False">
      <li Class="CompProperties_Forbiddable"/>
      <li>
        <compClass>CompColorable</compClass>
      </li>
      <li>
        <compClass>MParmorLibrary.CompDestroyNotWorn</compClass>
      </li>
    </comps>
  </ThingDef>

  <ThingDef ParentName="ApparelMakeableBase">
    <defName>XFMParmor_AntiMParmor_ShieldSpawner</defName>
	  <label>repulsor field generator</label>
	  <description>A disposable generator having an effective radius of 9 tiles. Capable of stopping projectiles but not blast waves.</description>
	  <thingClass>Apparel</thingClass>
    <tradeability>None</tradeability>
    <graphicData>
      <texPath>XFMParmor/BarrierPack/BarrierPack</texPath>
      <graphicClass>Graphic_Single</graphicClass>
      <shaderType>Transparent</shaderType>
    </graphicData>
    <thingCategories>
      <li>ApparelUtility</li>
    </thingCategories>
    <tickerType>Normal</tickerType>
    <statBases>
      <Mass>2.5</Mass>
      <WorkToMake>50000</WorkToMake>
      <Flammability>0</Flammability>
    </statBases>
    <verbs>
      <li>
        <verbClass>MParmorLibrary.Verb_SpawnShield_Lord</verbClass>
		  <label>repulsor shield</label>
		  <violent>false</violent>
        <range>8.9</range>
        <commandIcon>XFMParmor/MParmor/Black/skillB</commandIcon>
        <hasStandardCommand>true</hasStandardCommand>
        <targetable>false</targetable>
        <nonInterruptingSelfCast>true</nonInterruptingSelfCast>
        <onlyManualCast>True</onlyManualCast>
      </li>
    </verbs>
    <techLevel>Archotech</techLevel>
    <apparel>
      <wornGraphicPath>XFMParmor/BarrierPack/BarrierPack</wornGraphicPath>
      <careIfWornByCorpse>false</careIfWornByCorpse>
      <canBeDesiredForIdeo>false</canBeDesiredForIdeo>
      <bodyPartGroups>
        <li>Waist</li>
      </bodyPartGroups>
      <layers>
        <li>XFMParmor_Layer_MechanicalArmorCore</li>
      </layers>
      <tags>
        <li>XFMParmor_AntiMPArmorShieldSpawner</li>
      </tags>
    </apparel>
    <recipeMaker>
      <unfinishedThingDef>UnfinishedGun</unfinishedThingDef>
      <researchPrerequisite>ShieldBelt</researchPrerequisite>
      <skillRequirements>
        <Crafting>7</Crafting>
      </skillRequirements>
      <recipeUsers Inherit="False">
        <li>FabricationBench</li>
      </recipeUsers>
    </recipeMaker>
    <costList>
      <Plasteel>25</Plasteel>
      <ComponentSpacer>1</ComponentSpacer>
    </costList>
    <comps Inherit = "False">
      <li Class="CompProperties_Forbiddable"/>
      <li>
        <compClass>CompColorable</compClass>
      </li>
      <li Class="CompProperties_Reloadable">
        <maxCharges>1</maxCharges>
        <destroyOnEmpty>true</destroyOnEmpty>
        <chargeNoun>charge</chargeNoun>
        <displayGizmoWhileUndrafted>false</displayGizmoWhileUndrafted>
      </li>
    </comps>
  </ThingDef>
  <ThingDef>
    <defName>XFMParmor_AntiMParmor_Shield</defName>
	  <label>repulsor shield</label>
	  <description>A shield field that's effective against projectiles but does not stop blast waves.</description>
	  <thingClass>MParmorLibrary.ShieldsBarrierCircle</thingClass>
    <graphicData>
      <texPath>XFMParmor/ShieldTeam</texPath>
      <drawSize>(25,25)</drawSize>
      <graphicClass>Graphic_Single</graphicClass>
      <shaderType>TransparentPostLight</shaderType>
    </graphicData>
    <specialDisplayRadius>8.9</specialDisplayRadius>
    <category>Building</category>
    <altitudeLayer>LayingPawn</altitudeLayer>
    <drawerType>RealtimeOnly</drawerType>
    <tickerType>Normal</tickerType>
    <size>(1,1)</size>
    <blockWind>false</blockWind>
    <useHitPoints>false</useHitPoints>
    <building>
      <isEdifice>false</isEdifice>
    </building>
    <statBases>
      <MaxHitPoints>0</MaxHitPoints>
      <Flammability>0</Flammability>
    </statBases>
    <selectable>true</selectable>
    <rotatable>false</rotatable>
  </ThingDef>
  
  <ThingDef ParentName="BaseWeapon">
    <defName>XFMParmor_PulseRifle</defName>
	  <label>pulse rifle</label>
	  <description>The standard issue weapon of mech crushers, fires a charge grenade after a salvo of pulser bolts.</description>
	  <techLevel>Spacer</techLevel>
    <graphicData>
      <texPath>XFMParmor/Weapon/PulseRifle</texPath>
      <graphicClass>Graphic_Single</graphicClass>
      <shaderType>TransparentPostLight</shaderType>
    </graphicData>
    <soundInteract>Interact_ChargeRifle</soundInteract>
    <thingCategories>
      <li>WeaponsRanged</li>
    </thingCategories>
    <weaponClasses>
      <li>Ranged</li>
      <li>RangedLight</li>
    </weaponClasses>
    <weaponTags>
      <li>XFMParmor_AntiMPArmor</li>
    </weaponTags>
    <statBases>
      <WorkToMake>50000</WorkToMake>
      <MarketValue>2300</MarketValue>
      <Mass>1.5</Mass>
      <SightsEfficiency>1.10</SightsEfficiency>
      <ShotSpread>0.08</ShotSpread>
      <SwayFactor>1.20</SwayFactor>
      <Bulk>7.00</Bulk>
      <RangedWeapon_Cooldown>0.45</RangedWeapon_Cooldown>
    </statBases>
    <recipeMaker>
      <unfinishedThingDef>UnfinishedGun</unfinishedThingDef>
      <researchPrerequisite>ChargedShot</researchPrerequisite>
      <skillRequirements>
        <Crafting>7</Crafting>
      </skillRequirements>
      <recipeUsers Inherit="False">
        <li>FabricationBench</li>
      </recipeUsers>
    </recipeMaker>
    <costList>
      <Plasteel>60</Plasteel>
      <ComponentSpacer>1</ComponentSpacer>
    </costList>
    <thingSetMakerTags>
      <li>RewardStandardLowFreq</li>
      <li>RewardStandardQualitySuper</li>
    </thingSetMakerTags>
    <verbs>
      <li Class="CombatExtended.VerbPropertiesCE">
        <recoilAmount>1.51</recoilAmount>
        <verbClass>MParmorLibrary.Verb_Shoot_PulseRifle</verbClass>
        <hasStandardCommand>true</hasStandardCommand>
        <defaultProjectile>XFMParmor_PulseRifle_Bullet</defaultProjectile>
        <warmupTime>1.0</warmupTime>
        <range>55</range>
        <ticksBetweenBurstShots>5</ticksBetweenBurstShots>
        <burstShotCount>4</burstShotCount>
        <soundCast>Shot_ChargeRifle</soundCast>
        <soundCastTail>GunTail_Medium</soundCastTail>
        <muzzleFlashScale>9</muzzleFlashScale>
      </li>
    </verbs>
    <tools>
      <li Class="CombatExtended.ToolCE">
        <label>stock</label>
        <capacities>
          <li>Blunt</li>
        </capacities>
        <power>8</power>
        <cooldownTime>1.55</cooldownTime>
        <armorPenetrationBlunt>2.755</armorPenetrationBlunt>
        <linkedBodyPartsGroup>Stock</linkedBodyPartsGroup>
      </li>
    </tools>
    <comps>
      <li Class="CombatExtended.CompProperties_AmmoUser">
        <magazineSize>40</magazineSize>
        <reloadTime>2</reloadTime>
        <ammoSet>XFMParmor_AmmoSet_PulseRifle</ammoSet>
      </li>
      <li Class="CombatExtended.CompProperties_FireModes">
        <aimedBurstShotCount>3</aimedBurstShotCount>
        <aiUseBurstMode>TRUE</aiUseBurstMode>
        <aiAimMode>AimedShot</aiAimMode>
      </li>
    </comps>
  </ThingDef>
  <ThingDef ParentName="BaseBulletCE">
    <defName>XFMParmor_PulseRifle_Bullet</defName>
	  <label>pulser bolts</label>
	  <graphicData>
      <texPath>Things/Projectile/Bullet_Small</texPath>
      <graphicClass>Graphic_Single</graphicClass>
      <color>(151, 255, 245)</color>
    </graphicData>
    <projectile Class="CombatExtended.ProjectilePropertiesCE">
      <damageDef>Bullet</damageDef>
      <speed>160</speed>
      <damageAmountBase>12</damageAmountBase>
      <secondaryDamage>
        <li>
          <def>Flame_Secondary</def>
          <amount>4</amount>
        </li>
      </secondaryDamage>
      <armorPenetrationSharp>19</armorPenetrationSharp>
      <armorPenetrationBlunt>25.6</armorPenetrationBlunt>
    </projectile>
  </ThingDef>
  <ThingDef ParentName="Base20x42mmGrenadeBullet">
    <defName>XFMParmor_PulseRifle_Grenade</defName>
	  <label>charged grenade</label>
	  <thingClass>CombatExtended.ProjectileCE_Explosive</thingClass>
    <graphicData>
      <texPath>Things/Projectile/LauncherShot</texPath>
      <graphicClass>Graphic_Single</graphicClass>
      <color>(151, 255, 245)</color>
    </graphicData>
    <projectile Class="CombatExtended.ProjectilePropertiesCE">
      <damageDef>MParmor_FlameWithoutShake</damageDef>
      <damageAmountBase>20</damageAmountBase>
      <explosionRadius>1.9</explosionRadius>
      <speed>42</speed>
    </projectile>
  </ThingDef>
  
  
  

  <ThingDef ParentName="BaseWeapon">
    <defName>XFMParmor_ThermoBlade</defName>
	  <label>thermo blade</label>
	  <description>Energetic sword with superheated edges, ignites target and bypasses mechframe shield.</description>
	  <soundInteract>Interact_PlasmaSword</soundInteract>
    <meleeHitSound>MeleeHit_PlasmaSword</meleeHitSound>
    <equippedAngleOffset>-65</equippedAngleOffset>
    <techLevel>Archotech</techLevel>
    <statBases>
      <WorkToMake>50000</WorkToMake>
      <Mass>1.5</Mass>
      <MarketValue>2500</MarketValue>
    </statBases>
    <thingCategories>
      <li>WeaponsMelee</li>
    </thingCategories>
    <weaponClasses>
      <li>MeleePiercer</li>
    </weaponClasses>
    <weaponTags>
      <li>XFMParmor_AntiMPArmorMelee</li>
      <li>XFMParmor_AntiMPArmorSpecific</li>
    </weaponTags>
    <graphicData>
      <texPath>XFMParmor/Weapon/ThermoBlade</texPath>
      <graphicClass>Graphic_Single</graphicClass>
      <shaderType>TransparentPostLight</shaderType>
      <drawSize>1.3</drawSize>
    </graphicData>
    <tools>
      <li Class="CombatExtended.ToolCE">
        <label>edge</label>
        <capacities>
          <li>Cut</li>
        </capacities>
        <power>27</power>
        <extraMeleeDamages>
          <li>
            <def>Flame</def>
            <amount>1</amount>
            <chance>1</chance>
          </li>
        </extraMeleeDamages>
        <cooldownTime>1.65</cooldownTime>
        <armorPenetrationBlunt>5.06</armorPenetrationBlunt>
        <armorPenetrationSharp>29</armorPenetrationSharp>
        <linkedBodyPartsGroup>Edge</linkedBodyPartsGroup>
      </li>
    </tools>
    <recipeMaker>
      <unfinishedThingDef>UnfinishedGun</unfinishedThingDef>
      <researchPrerequisite>ChargedShot</researchPrerequisite>
      <skillRequirements>
        <Crafting>7</Crafting>
      </skillRequirements>
      <recipeUsers Inherit="False">
        <li>FabricationBench</li>
      </recipeUsers>
    </recipeMaker>
    <costList>
      <Plasteel>50</Plasteel>
      <ComponentSpacer>1</ComponentSpacer>
    </costList>
    <thingSetMakerTags>
      <li>RewardStandardLowFreq</li>
      <li>RewardStandardQualitySuper</li>
    </thingSetMakerTags>
    <equippedStatOffsets>
      <MoveSpeed>1</MoveSpeed>
    </equippedStatOffsets>
    <comps>
      <li Class="Tower_WeaponDrawFrame.CompProperties_WeaponDraw"/>
    </comps>
  </ThingDef>

  <ThingDef ParentName="BaseWeapon">
    <defName>XFMParmor_AntiMaterielRifle</defName>
	  <label>anti-mechframe rifle</label>
	  <description>Two-rounder high caliber sniper rifle with specialized bullet that deals triple damage to mechframe armor.</description>
	  <techLevel>Spacer</techLevel>
    <graphicData>
      <texPath>XFMParmor/Weapon/AntiMaterielRifle</texPath>
      <graphicClass>Graphic_Single</graphicClass>
      <shaderType>TransparentPostLight</shaderType>
    </graphicData>
    <soundInteract>Interact_ChargeRifle</soundInteract>
    <thingCategories>
      <li>WeaponsRanged</li>
    </thingCategories>
    <weaponClasses>
      <li>Ranged</li>
      <li>RangedLight</li>
    </weaponClasses>
    <weaponTags>
      <li>XFMParmor_AntiMPArmorLong</li>
    </weaponTags>
    <statBases>
      <WorkToMake>50000</WorkToMake>
      <MarketValue>3500</MarketValue>
      <Mass>1.5</Mass>
      <RangedWeapon_Cooldown>0.5</RangedWeapon_Cooldown>
      <SightsEfficiency>2.6</SightsEfficiency>
      <ShotSpread>0.05</ShotSpread>
      <SwayFactor>1.35</SwayFactor>
      <Bulk>11.92</Bulk>
    </statBases>
    <recipeMaker>
      <unfinishedThingDef>UnfinishedGun</unfinishedThingDef>
      <researchPrerequisite>ChargedShot</researchPrerequisite>
      <skillRequirements>
        <Crafting>7</Crafting>
      </skillRequirements>
      <recipeUsers Inherit="False">
        <li>FabricationBench</li>
      </recipeUsers>
    </recipeMaker>
    <costList>
      <Plasteel>75</Plasteel>
      <ComponentSpacer>2</ComponentSpacer>
    </costList>
    <thingSetMakerTags>
      <li>RewardStandardLowFreq</li>
      <li>RewardStandardQualitySuper</li>
    </thingSetMakerTags>
    <verbs>
      <li Class="CombatExtended.VerbPropertiesCE">
        <verbClass>CombatExtended.Verb_ShootCE</verbClass>
        <hasStandardCommand>true</hasStandardCommand>
        <defaultProjectile>XFMParmor_AntiMaterielRifle_Bullet</defaultProjectile>
        <warmupTime>2.75</warmupTime>
        <range>76.9</range>
        <ticksBetweenBurstShots>9</ticksBetweenBurstShots>
        <burstShotCount>2</burstShotCount>
        <soundCast>Shot_SniperRifle</soundCast>
        <soundCastTail>GunTail_Heavy</soundCastTail>
        <muzzleFlashScale>19</muzzleFlashScale>
      </li>
    </verbs>
    <tools>
      <li Class="CombatExtended.ToolCE">
        <label>stock</label>
        <capacities>
          <li>Blunt</li>
        </capacities>
        <power>8</power>
        <cooldownTime>1.55</cooldownTime>
        <armorPenetrationBlunt>2.755</armorPenetrationBlunt>
        <linkedBodyPartsGroup>Stock</linkedBodyPartsGroup>
      </li>
    </tools>
    <comps>
      <li Class="CombatExtended.CompProperties_AmmoUser">
        <magazineSize>14</magazineSize>
        <reloadTime>4.2</reloadTime>
        <ammoSet>XFMParmor_AmmoSet_AntiMaterielRifle</ammoSet>
      </li>
      <li Class="CombatExtended.CompProperties_FireModes">
        <aiAimMode>AimedShot</aiAimMode>
      </li>
    </comps>
  </ThingDef>
  <ThingDef ParentName="Base762x51mmNATOBullet">
    <defName>XFMParmor_AntiMaterielRifle_Bullet</defName>
	  <label>anti-MF round</label>
	  <projectile Class="CombatExtended.ProjectilePropertiesCE">
      <damageAmountBase>24</damageAmountBase>
      <armorPenetrationSharp>29</armorPenetrationSharp>
      <armorPenetrationBlunt>66.72</armorPenetrationBlunt>
    </projectile>
  </ThingDef>

  <ThingDef ParentName="BaseWeapon">
    <defName>XFMParmor_RocketLauncher</defName>
	  <label>AMGR launcher</label>
	  <description>Disposable rocket launcher with a capacity of four.</description>
    <techLevel>Spacer</techLevel>
    <graphicData>
      <texPath>XFMParmor/Weapon/RocketLauncher</texPath>
      <graphicClass>Graphic_Single</graphicClass>
      <shaderType>TransparentPostLight</shaderType>
    </graphicData>
    <soundInteract>Interact_ChargeRifle</soundInteract>
    <thingCategories>
      <li>WeaponsRanged</li>
    </thingCategories>
    <weaponClasses>
      <li>Ranged</li>
      <li>RangedLight</li>
    </weaponClasses>
    <weaponTags>
      <li>XFMParmor_RocketLauncher</li>
    </weaponTags>
    <statBases>
      <WorkToMake>50000</WorkToMake>
      <MarketValue>2300</MarketValue>
      <Mass>1.5</Mass>
      <RangedWeapon_Cooldown>1</RangedWeapon_Cooldown>
    </statBases>
    <recipeMaker>
      <unfinishedThingDef>UnfinishedGun</unfinishedThingDef>
      <researchPrerequisite>ChargedShot</researchPrerequisite>
      <skillRequirements>
        <Crafting>7</Crafting>
      </skillRequirements>
      <recipeUsers Inherit="False">
        <li>FabricationBench</li>
      </recipeUsers>
    </recipeMaker>
    <costList>
      <Plasteel>50</Plasteel>
      <Steel>75</Steel>
      <ComponentSpacer>1</ComponentSpacer>
    </costList>
    <thingSetMakerTags>
      <li>RewardStandardLowFreq</li>
      <li>RewardStandardQualitySuper</li>
    </thingSetMakerTags>
    <verbs>
      <li Class="CombatExtended.VerbPropertiesCE">
        <verbClass>CombatExtended.Verb_ShootCEOneUse</verbClass>
        <hasStandardCommand>true</hasStandardCommand>
        <defaultProjectile>XFMParmor_RocketLauncher_Bullet</defaultProjectile>
        <warmupTime>2.55</warmupTime>
        <range>49.9</range>
        <ticksBetweenBurstShots>9</ticksBetweenBurstShots>
        <burstShotCount>4</burstShotCount>
        <targetParams>
          <canTargetLocations>true</canTargetLocations>
        </targetParams>
        <soundCast>InfernoCannon_Fire</soundCast>
        <muzzleFlashScale>9</muzzleFlashScale>
      </li>
    </verbs>
    <tools>
      <li Class="CombatExtended.ToolCE">
        <label>stock</label>
        <capacities>
          <li>Blunt</li>
        </capacities>
        <power>8</power>
        <cooldownTime>1.55</cooldownTime>
        <chanceFactor>1.5</chanceFactor>
        <armorPenetrationBlunt>2.755</armorPenetrationBlunt>
        <linkedBodyPartsGroup>Stock</linkedBodyPartsGroup>
      </li>
    </tools>
  </ThingDef>
  <ThingDef ParentName="BaseRPG7Grenade">
    <defName>XFMParmor_RocketLauncher_Bullet</defName>
	  <label>AMGR rocket</label>
    <graphicData>
      <texPath>XFMParmor/MParmor/Black/missile</texPath>
      <graphicClass>Graphic_Single</graphicClass>
      <shaderType>TransparentPostLight</shaderType>
    </graphicData>
    <projectile Class="CombatExtended.ProjectilePropertiesCE">
      <speed>72</speed>
      <damageDef>Bullet</damageDef>
      <damageAmountBase>5</damageAmountBase>
      <soundAmbient>RocketPropelledLoop_Small</soundAmbient>
    </projectile>
    <comps>
      <li Class="CombatExtended.CompProperties_ExplosiveCE">
        <damageAmountBase>42</damageAmountBase>
        <explosiveDamageType>MParmor_BombWithoutShake_PreventFriendly</explosiveDamageType>
        <explosiveRadius>2.1</explosiveRadius>
        <explosionSound>MortarBomb_Explode</explosionSound>
        <applyDamageToExplosionCellsNeighbors>true</applyDamageToExplosionCellsNeighbors>
      </li>
      <li Class="CombatExtended.CompProperties_Fragments">
        <fragments>
          <Fragment_Small>12</Fragment_Small>
        </fragments>
      </li>
    </comps>
  </ThingDef>

</Defs>