<?xml version="1.0" encoding="utf-8"?>
<Defs>
  <ThingDef ParentName="ApparelBase">
    <defName>XFMParmor_DriverShield</defName>
    <label>shield</label>
    <description>A shield.</description>
    <thingClass>MParmorLibrary.DriverShield</thingClass>
    <tradeability>None</tradeability>
    <graphicData>
      <texPath>XFMParmor/Shield</texPath>
      <drawSize>1.3</drawSize>
      <graphicClass>Graphic_Single</graphicClass>
      <shaderType>Transparent</shaderType>
    </graphicData>
    <tickerType>Normal</tickerType>
    <smeltable>false</smeltable>
    <statBases>
      <Mass>0</Mass>
      <WorkToMake>200</WorkToMake>
      <Flammability>0</Flammability>
    </statBases>
    <techLevel>Archotech</techLevel>
    <apparel>
      <careIfWornByCorpse>false</careIfWornByCorpse>
      <bodyPartGroups>
        <li>Waist</li>
      </bodyPartGroups>
      <layers>
        <li>XFMParmor_Layer_MechanicalArmorCore</li>
      </layers>
      <tags>
        <li>XFMParmor_AntiMPArmorShield</li>
      </tags>
    </apparel>
    <comps Inherit = "False">
      <li Class="CompProperties_Forbiddable"/>
      <li>
        <compClass>CompColorable</compClass>
      </li>
      <li>
        <compClass>MParmorLibrary.CompDestroyNotWorn</compClass>
      </li>
    </comps>
  </ThingDef>

  <ThingDef ParentName="ApparelMakeableBase">
    <defName>XFMParmor_AntiMParmor_ShieldSpawner</defName>
    <label>repulsor field generator</label>
    <description>A disposable generator having an effective radius of 9 tiles. Capable of stopping projectiles but not blast waves.</description>
    <thingClass>Apparel</thingClass>
    <tradeability>None</tradeability>
    <graphicData>
      <texPath>XFMParmor/BarrierPack/BarrierPack</texPath>
      <graphicClass>Graphic_Single</graphicClass>
      <shaderType>Transparent</shaderType>
    </graphicData>
    <tickerType>Normal</tickerType>
    <thingCategories>
      <li>ApparelUtility</li>
    </thingCategories>
    <statBases>
      <Mass>2.5</Mass>
      <WorkToMake>50000</WorkToMake>
      <Flammability>0</Flammability>
    </statBases>
    <verbs>
      <li>
        <verbClass>MParmorLibrary.Verb_SpawnShield_Lord</verbClass>
        <label>repulsor shield</label>
        <violent>false</violent>
        <range>8.9</range>
        <commandIcon>XFMParmor/MParmor/Black/skillB</commandIcon>
        <hasStandardCommand>true</hasStandardCommand>
        <targetable>false</targetable>
        <nonInterruptingSelfCast>true</nonInterruptingSelfCast>
        <onlyManualCast>True</onlyManualCast>
      </li>
    </verbs>
    <techLevel>Archotech</techLevel>
    <apparel>
      <wornGraphicPath>XFMParmor/BarrierPack/BarrierPack</wornGraphicPath>
      <careIfWornByCorpse>false</careIfWornByCorpse>
      <canBeDesiredForIdeo>false</canBeDesiredForIdeo>
      <bodyPartGroups>
        <li>Waist</li>
      </bodyPartGroups>
      <layers>
        <li>XFMParmor_Layer_MechanicalArmorCore</li>
      </layers>
      <tags>
        <li>XFMParmor_AntiMPArmorShieldSpawner</li>
      </tags>
    </apparel>
    <recipeMaker>
      <unfinishedThingDef>UnfinishedGun</unfinishedThingDef>
      <researchPrerequisite>ShieldBelt</researchPrerequisite>
      <skillRequirements>
        <Crafting>7</Crafting>
      </skillRequirements>
      <recipeUsers Inherit="False">
        <li>FabricationBench</li>
      </recipeUsers>
    </recipeMaker>
    <costList>
      <Plasteel>25</Plasteel>
      <ComponentSpacer>1</ComponentSpacer>
    </costList>
    <comps Inherit = "False">
      <li Class="CompProperties_Forbiddable"/>
      <li>
        <compClass>CompColorable</compClass>
      </li>
      <li Class="CompProperties_ApparelReloadable">
        <maxCharges>1</maxCharges>
        <destroyOnEmpty>true</destroyOnEmpty>
        <chargeNoun>charge</chargeNoun>
        <displayGizmoWhileUndrafted>false</displayGizmoWhileUndrafted>
      </li>
    </comps>
  </ThingDef>
  <ThingDef>
    <defName>XFMParmor_AntiMParmor_Shield</defName>
    <label>repulsor shield</label>
    <description>A shield field that's effective against projectiles but does not stop blast waves.</description>
    <thingClass>MParmorLibrary.ShieldsBarrierCircle</thingClass>
    <graphicData>
      <texPath>XFMParmor/ShieldTeam</texPath>
      <drawSize>(25,25)</drawSize>
      <graphicClass>Graphic_Single</graphicClass>
      <shaderType>TransparentPostLight</shaderType>
    </graphicData>
    <specialDisplayRadius>8.9</specialDisplayRadius>
    <category>Building</category>
    <altitudeLayer>LayingPawn</altitudeLayer>
    <drawerType>RealtimeOnly</drawerType>
    <tickerType>Normal</tickerType>
    <size>(1,1)</size>
    <blockWind>false</blockWind>
    <useHitPoints>false</useHitPoints>
    <building>
      <isEdifice>false</isEdifice>
    </building>
    <statBases>
      <MaxHitPoints>0</MaxHitPoints>
      <Flammability>0</Flammability>
    </statBases>
    <selectable>true</selectable>
    <rotatable>false</rotatable>
  </ThingDef>
  
  <ThingDef ParentName="BaseWeapon">
    <defName>XFMParmor_PulseRifle</defName>
    <label>pulse rifle</label>
    <description>The standard issue weapon of mech crushers, fires a charge grenade after a salvo of pulser bolts.</description>
    <techLevel>Spacer</techLevel>
    <graphicData>
      <texPath>XFMParmor/Weapon/PulseRifle</texPath>
      <graphicClass>Graphic_Single</graphicClass>
      <shaderType>TransparentPostLight</shaderType>
    </graphicData>
    <soundInteract>Interact_ChargeRifle</soundInteract>
    <thingCategories>
      <li>WeaponsRanged</li>
    </thingCategories>
    <weaponClasses>
      <li>Ranged</li>
      <li>RangedLight</li>
    </weaponClasses>
    <weaponTags>
      <li>XFMParmor_AntiMPArmor</li>
    </weaponTags>
    <statBases>
      <WorkToMake>50000</WorkToMake>
      <MarketValue>2300</MarketValue>
      <Mass>1.5</Mass>
      <AccuracyTouch>0.55</AccuracyTouch>
      <AccuracyShort>0.64</AccuracyShort>
      <AccuracyMedium>0.55</AccuracyMedium>
      <AccuracyLong>0.55</AccuracyLong>
      <RangedWeapon_Cooldown>1.5</RangedWeapon_Cooldown>
    </statBases>
    <recipeMaker>
      <unfinishedThingDef>UnfinishedGun</unfinishedThingDef>
      <researchPrerequisite>ChargedShot</researchPrerequisite>
      <skillRequirements>
        <Crafting>7</Crafting>
      </skillRequirements>
      <recipeUsers Inherit="False">
        <li>FabricationBench</li>
      </recipeUsers>
    </recipeMaker>
    <costList>
      <Plasteel>60</Plasteel>
      <ComponentSpacer>1</ComponentSpacer>
    </costList>
    <thingSetMakerTags>
      <li>RewardStandardLowFreq</li>
      <li>RewardStandardQualitySuper</li>
    </thingSetMakerTags>
    <verbs>
      <li>
        <verbClass>MParmorLibrary.Verb_Shoot_PulseRifle</verbClass>
        <hasStandardCommand>true</hasStandardCommand>
        <defaultProjectile>XFMParmor_PulseRifle_Bullet</defaultProjectile>
        <warmupTime>1.5</warmupTime>
        <range>24.9</range>
        <ticksBetweenBurstShots>9</ticksBetweenBurstShots>
        <burstShotCount>4</burstShotCount>
        <soundCast>Shot_ChargeRifle</soundCast>
        <soundCastTail>GunTail_Medium</soundCastTail>
        <muzzleFlashScale>9</muzzleFlashScale>
      </li>
    </verbs>
    <tools>
      <li>
        <label>stock</label>
        <capacities>
          <li>Blunt</li>
        </capacities>
        <power>12</power>
        <cooldownTime>1.5</cooldownTime>
      </li>
    </tools>
  </ThingDef>
  <ThingDef ParentName="BaseBullet">
    <defName>XFMParmor_PulseRifle_Bullet</defName>
    <label>pulser bolts</label>
    <graphicData>
      <texPath>Things/Projectile/Charge_Small</texPath>
      <graphicClass>Graphic_Single</graphicClass>
    </graphicData>
    <projectile>
      <damageDef>Bullet</damageDef>
      <damageAmountBase>15</damageAmountBase>
      <armorPenetrationBase>0.35</armorPenetrationBase>
      <speed>100</speed>
    </projectile>
  </ThingDef>
  <ThingDef ParentName="BaseBullet">
    <defName>XFMParmor_PulseRifle_Grenade</defName>
    <label>charged grenade</label>
    <graphicData>
      <texPath>Things/Projectile/LauncherShot</texPath>
      <graphicClass>Graphic_Single</graphicClass>
      <shaderType>TransparentPostLight</shaderType>
      <color>(254,189,58)</color>
    </graphicData>
    <thingClass>Projectile_Explosive</thingClass>
    <projectile>
      <speed>70</speed>
      <damageDef>MParmor_BombWithoutShake_PreventFriendly</damageDef>
      <damageAmountBase>20</damageAmountBase>
      <explosionRadius>1.9</explosionRadius>
      <ai_IsIncendiary>true</ai_IsIncendiary>
    </projectile>
  </ThingDef>

  <ThingDef ParentName="BaseWeapon">
    <defName>XFMParmor_ThermoBlade</defName>
    <label>thermo blade</label>
    <description>Energetic sword with superheated edges, ignites target and bypasses mechframe shield.</description>
    <soundInteract>Interact_PlasmaSword</soundInteract>
    <meleeHitSound>MeleeHit_PlasmaSword</meleeHitSound>
    <equippedAngleOffset>-65</equippedAngleOffset>
    <techLevel>Archotech</techLevel>
    <statBases>
      <WorkToMake>50000</WorkToMake>
      <Mass>1.5</Mass>
      <MarketValue>2500</MarketValue>
    </statBases>
    <thingCategories>
      <li>WeaponsMelee</li>
    </thingCategories>
    <weaponClasses>
      <li>MeleePiercer</li>
    </weaponClasses>
    <weaponTags>
      <li>XFMParmor_AntiMPArmorMelee</li>
    </weaponTags>
    <graphicData>
      <texPath>XFMParmor/Weapon/ThermoBlade</texPath>
      <graphicClass>Graphic_Single</graphicClass>
      <shaderType>TransparentPostLight</shaderType>
      <drawSize>1.3</drawSize>
    </graphicData>
    <tools>
      <li>
        <label>edge</label>
        <capacities>
          <li>Cut</li>
        </capacities>
        <power>19</power>
        <cooldownTime>1.7</cooldownTime>
        <extraMeleeDamages>
          <li>
            <def>Flame</def>
            <amount>0.1</amount>
            <chance>1</chance>
          </li>
        </extraMeleeDamages>
      </li>
    </tools>
    <recipeMaker>
      <unfinishedThingDef>UnfinishedGun</unfinishedThingDef>
      <researchPrerequisite>ChargedShot</researchPrerequisite>
      <skillRequirements>
        <Crafting>7</Crafting>
      </skillRequirements>
      <recipeUsers Inherit="False">
        <li>FabricationBench</li>
      </recipeUsers>
    </recipeMaker>
    <costList>
      <Plasteel>50</Plasteel>
      <ComponentSpacer>1</ComponentSpacer>
    </costList>
    <thingSetMakerTags>
      <li>RewardStandardLowFreq</li>
      <li>RewardStandardQualitySuper</li>
    </thingSetMakerTags>
    <equippedStatOffsets>
      <MoveSpeed>1</MoveSpeed>
    </equippedStatOffsets>
    <comps>
      <li Class="Tower_WeaponDrawFrame.CompProperties_WeaponDraw"/>
    </comps>
  </ThingDef>

   <ThingDef ParentName="BaseWeapon">
    <defName>XFMParmor_AntiMaterielRifle</defName>
    <label>anti-mechframe rifle</label>
    <description>Two-rounder high caliber sniper rifle with specialized bullet that deals triple damage to mechframe armor.</description>
    <techLevel>Spacer</techLevel>
    <graphicData>
      <texPath>XFMParmor/Weapon/AntiMaterielRifle</texPath>
      <graphicClass>Graphic_Single</graphicClass>
      <shaderType>TransparentPostLight</shaderType>
    </graphicData>
    <soundInteract>Interact_ChargeRifle</soundInteract>
    <thingCategories>
      <li>WeaponsRanged</li>
    </thingCategories>
    <weaponClasses>
      <li>Ranged</li>
      <li>RangedLight</li>
    </weaponClasses>
    <weaponTags>
      <li>XFMParmor_AntiMPArmorLong</li>
    </weaponTags>
    <statBases>
      <WorkToMake>50000</WorkToMake>
      <MarketValue>3500</MarketValue>
      <Mass>1.5</Mass>
      <AccuracyTouch>0.7</AccuracyTouch>
      <AccuracyShort>0.8</AccuracyShort>
      <AccuracyMedium>1</AccuracyMedium>
      <AccuracyLong>1</AccuracyLong>
      <RangedWeapon_Cooldown>0.5</RangedWeapon_Cooldown>
    </statBases>
    <recipeMaker>
      <unfinishedThingDef>UnfinishedGun</unfinishedThingDef>
      <researchPrerequisite>ChargedShot</researchPrerequisite>
      <skillRequirements>
        <Crafting>7</Crafting>
      </skillRequirements>
      <recipeUsers Inherit="False">
        <li>FabricationBench</li>
      </recipeUsers>
    </recipeMaker>
    <costList>
      <Plasteel>75</Plasteel>
      <ComponentSpacer>2</ComponentSpacer>
    </costList>
    <thingSetMakerTags>
      <li>RewardStandardLowFreq</li>
      <li>RewardStandardQualitySuper</li>
    </thingSetMakerTags>
    <verbs>
      <li>
        <verbClass>Verb_Shoot</verbClass>
        <hasStandardCommand>true</hasStandardCommand>
        <defaultProjectile>XFMParmor_AntiMaterielRifle_Bullet</defaultProjectile>
        <warmupTime>3.5</warmupTime>
        <range>44.9</range>
        <ticksBetweenBurstShots>9</ticksBetweenBurstShots>
        <burstShotCount>2</burstShotCount>
        <soundCast>Shot_SniperRifle</soundCast>
        <soundCastTail>GunTail_Heavy</soundCastTail>
        <muzzleFlashScale>19</muzzleFlashScale>
      </li>
    </verbs>
    <tools>
      <li>
        <label>stock</label>
        <capacities>
          <li>Blunt</li>
        </capacities>
        <power>12</power>
        <cooldownTime>1.5</cooldownTime>
      </li>
    </tools>
  </ThingDef>
  <ThingDef ParentName="BaseBullet">
    <defName>XFMParmor_AntiMaterielRifle_Bullet</defName>
    <label>anti-MF round</label>
    <graphicData>
      <texPath>Things/Projectile/Needle</texPath>
      <graphicClass>Graphic_Single</graphicClass>
    </graphicData>
    <projectile>
      <damageDef>Bullet</damageDef>
      <damageAmountBase>17</damageAmountBase>
      <armorPenetrationBase>2</armorPenetrationBase>
      <speed>120</speed>
    </projectile>
  </ThingDef>

  <ThingDef ParentName="BaseWeapon">
    <defName>XFMParmor_RocketLauncher</defName>
    <label>AMGR launcher</label>
    <description>Disposable rocket launcher with a capacity of four.</description>
    <techLevel>Spacer</techLevel>
    <graphicData>
      <texPath>XFMParmor/Weapon/RocketLauncher</texPath>
      <graphicClass>Graphic_Single</graphicClass>
      <shaderType>TransparentPostLight</shaderType>
    </graphicData>
    <soundInteract>Interact_ChargeRifle</soundInteract>
    <thingCategories>
      <li>WeaponsRanged</li>
    </thingCategories>
    <weaponClasses>
      <li>Ranged</li>
      <li>RangedLight</li>
    </weaponClasses>
    <weaponTags>
      <li>XFMParmor_RocketLauncher</li>
    </weaponTags>
    <statBases>
      <WorkToMake>50000</WorkToMake>
      <MarketValue>2300</MarketValue>
      <Mass>1.5</Mass>
      <RangedWeapon_Cooldown>1</RangedWeapon_Cooldown>
    </statBases>
    <recipeMaker>
      <unfinishedThingDef>UnfinishedGun</unfinishedThingDef>
      <researchPrerequisite>ChargedShot</researchPrerequisite>
      <skillRequirements>
        <Crafting>7</Crafting>
      </skillRequirements>
      <recipeUsers Inherit="False">
        <li>FabricationBench</li>
      </recipeUsers>
    </recipeMaker>
    <costList>
      <Plasteel>50</Plasteel>
      <Steel>75</Steel>
      <ComponentSpacer>1</ComponentSpacer>
    </costList>
    <thingSetMakerTags>
      <li>RewardStandardLowFreq</li>
      <li>RewardStandardQualitySuper</li>
    </thingSetMakerTags>
    <verbs>
      <li>
        <verbClass>Verb_ShootOneUse</verbClass>
        <hasStandardCommand>true</hasStandardCommand>
        <defaultProjectile>XFMParmor_RocketLauncher_Bullet</defaultProjectile>
        <forcedMissRadius>2.9</forcedMissRadius>
        <warmupTime>2.5</warmupTime>
        <range>29.9</range>
        <ticksBetweenBurstShots>9</ticksBetweenBurstShots>
        <burstShotCount>4</burstShotCount>
        <soundCast>Shot_ChargeRifle</soundCast>
        <targetParams>
          <canTargetLocations>true</canTargetLocations>
        </targetParams>
        <soundCastTail>GunTail_Medium</soundCastTail>
        <muzzleFlashScale>9</muzzleFlashScale>
      </li>
    </verbs>
    <tools>
      <li>
        <label>stock</label>
        <capacities>
          <li>Blunt</li>
        </capacities>
        <power>12</power>
        <cooldownTime>1.5</cooldownTime>
      </li>
    </tools>
  </ThingDef>
  <ThingDef ParentName="BaseBullet">
    <defName>XFMParmor_RocketLauncher_Bullet</defName>
    <label>AMGR rocket</label>
    <graphicData>
      <texPath>XFMParmor/MParmor/Black/missile</texPath>
      <graphicClass>Graphic_Single</graphicClass>
      <shaderType>TransparentPostLight</shaderType>
    </graphicData>
    <thingClass>Projectile_Explosive</thingClass>
    <projectile>
      <damageDef>MParmor_BombWithoutShake_PreventFriendly</damageDef>
      <damageAmountBase>31</damageAmountBase>
      <explosionRadius>2.1</explosionRadius>
      <speed>120</speed>
    </projectile>
  </ThingDef>
</Defs>