<?xml version="1.0" encoding="utf-8" ?>
<Defs>

  <EffecterDef>
    <defName>XFMParmor_EffectExplosion</defName>
    <children>
      <li>
        <subEffecterClass>SubEffecter_SprayerTriggered</subEffecterClass>
        <moteDef>Mote_GiantExplosion</moteDef>
        <scale>1~1.5</scale>
      </li>
      <li>
        <subEffecterClass>SubEffecter_SprayerTriggered</subEffecterClass>
        <moteDef>Mote_GiantExplosionInner</moteDef>
        <scale>7~7</scale>
      </li>
    </children>
  </EffecterDef>

  <EffecterDef>
    <defName>XFMParmor_ShieldChipeEffect</defName>
    <children>
      <li>
        <subEffecterClass>SubEffecter_SprayerChance</subEffecterClass>
        <fleckDef>DustPuff</fleckDef>
        <burstCount>2~4</burstCount>
        <scale>0.9~1.3</scale>
        <speed>0.6~1.8</speed>
      </li>
      </children>
    </EffecterDef>
</Defs>