<?xml version="1.0" encoding="utf-8" ?>
<Defs>
  <FleckDef ParentName="FleckBase">
    <defName>XFMParmor_Black_BombFleck</defName>
    <graphicData>
      <texPath>XFMParmor/MParmor/Black/BombFleck</texPath>
      <color>(1.0,1.0,1.0,0.5)</color>
      <shaderType>TransparentPostLight</shaderType>
      <renderInstanced>true</renderInstanced>
    </graphicData>
    <altitudeLayer>MoteOverhead</altitudeLayer>
    <solidTime>0</solidTime>
    <fadeOutTime>0.7</fadeOutTime>
  </FleckDef>
  
<FleckDef ParentName="FleckGlowDistortBackground">
    <defName>XFMParmor_Fleck_ShockWave</defName>
    <fleckSystemClass>FleckSystemThrown</fleckSystemClass>
    <altitudeLayer>MoteOverhead</altitudeLayer>
  <fadeInTime>0.075</fadeInTime>
  <fadeOutTime>0.6</fadeOutTime>
  <solidTime>0.15</solidTime>
    <growthRate>0.5</growthRate>
    <graphicData>
      <texPath>Things/Mote/Black</texPath>
      <shaderParameters>
        <_distortionIntensity>0.045</_distortionIntensity>
        <_brightnessMultiplier>0.5</_brightnessMultiplier>
      </shaderParameters>
      <drawSize>21</drawSize>
    </graphicData>
  </FleckDef>

  <FleckDef ParentName="FleckBase">
    <defName>XFMParmor_Fleck_BlastDryA</defName>
    <graphicData>
      <texPath>Things/Mote/BlastDry</texPath>
      <shaderType>TransparentPostLight</shaderType>
      <renderInstanced>true</renderInstanced>
    </graphicData>
    <altitudeLayer>FogOfWar</altitudeLayer>
    <solidTime>0</solidTime>
    <fadeOutTime>0.13</fadeOutTime>
  </FleckDef>
  <FleckDef ParentName="FleckBase">
    <defName>XFMParmor_Fleck_BlastDryB</defName>
    <graphicData>
      <texPath>Things/Mote/BlastDry</texPath>
      <shaderType>TransparentPostLight</shaderType>
      <renderInstanced>true</renderInstanced>
    </graphicData>
    <altitudeLayer>Blueprint</altitudeLayer>
    <solidTime>0.13</solidTime>
    <fadeOutTime>0.07</fadeOutTime>
  </FleckDef>

  <FleckDef ParentName="FleckBase_Thrown">
    <defName>XFMParmor_ShieldChip</defName>
    <graphicData>
      <texPath>XFMParmor/ShieldChip</texPath>
      <renderInstanced>true</renderInstanced>
    </graphicData>
    <altitudeLayer>MoteOverhead</altitudeLayer>
    <fadeInTime>0.02</fadeInTime>
    <solidTime>0.2</solidTime>
    <fadeOutTime>0.1</fadeOutTime>
  </FleckDef>

  <FleckDef ParentName="FleckBase">
    <defName>XFMParmor_IceCloud</defName>
    <graphicData>
      <texPath>Things/Mote/Smoke</texPath>
      <color>(0, 0.7, 0.7,0.3)</color>
      <drawSize>(3.5,3.5)</drawSize>
    </graphicData>
    <altitudeLayer>MoteOverhead</altitudeLayer>
    <fadeInTime>0.50</fadeInTime>
    <solidTime>0</solidTime>
    <fadeOutTime>4.50</fadeOutTime>
    <growthRate>0.1</growthRate>
  </FleckDef>

  <FleckDef ParentName="FleckBase">
    <defName>XFMParmor_IceLaserLine</defName>
    <altitudeLayer>MoteOverhead</altitudeLayer>
    <fadeInTime>0</fadeInTime>
    <fadeOutTime>1.9</fadeOutTime>
    <solidTime>0.5</solidTime>
    <graphicData>
      <drawSize>(1,1)</drawSize>
      <shaderType>MoteGlow</shaderType>
      <texPath>XFMParmor/MParmor/Aqua/IceLaserLine</texPath>
    </graphicData>
  </FleckDef>

  <FleckDef ParentName="FleckBase">
    <defName>XFMParmor_SweepFleck</defName>
    <altitudeLayer>MoteOverhead</altitudeLayer>
    <fadeInTime>0</fadeInTime>
    <fadeOutTime>3</fadeOutTime>
    <solidTime>1.2</solidTime>
    <graphicData>
      <color>(255,255,255,125)</color>
      <shaderType>Mote</shaderType>
      <texPath>XFMParmor/MParmor/Red/Sweep</texPath>
    </graphicData>
  </FleckDef>
  <FleckDef ParentName="FleckBase">
    <defName>XFMParmor_SweepHitFleck</defName>
    <altitudeLayer>MoteOverhead</altitudeLayer>
    <fadeInTime>0</fadeInTime>
    <fadeOutTime>0.9</fadeOutTime>
    <solidTime>0.25</solidTime>
    <graphicData>
      <shaderType>MoteGlow</shaderType>
        <color>(79,249,239)</color>
        <texPath>XFMParmor/MParmor/Red/SweepHit</texPath>
      </graphicData>
  </FleckDef>
</Defs>