<?xml version="1.0" encoding="utf-8" ?>
<Defs>
	<WorkGiverDef>
		<defName>XFMParmor_WorkInFabricationPit</defName>
		<label>operate fabrication bays</label>
		<giverClass>WorkGiver_DoBill</giverClass>
		<workType>Crafting</workType>
		<workTags>Crafting</workTags>
		<priorityInType>100</priorityInType>
		<fixedBillGiverDefs>
			<li>XFMParmor_FabricationPit</li>
		</fixedBillGiverDefs>
		<verb>operate</verb>
		<gerund>operating</gerund>
		<requiredCapacities>
			<li>Manipulation</li>
		</requiredCapacities>
		<prioritizeSustains>true</prioritizeSustains>
	</WorkGiverDef>


	<WorkGiverDef>
		<defName>XFMParmor_WorkInMParmor</defName>
		<label>maintain mechframe</label>
		<giverClass>WorkGiver_DoBill</giverClass>
		<workType>Crafting</workType>
		<workTags>Crafting</workTags>
		<priorityInType>100</priorityInType>
		<verb>maintain</verb>
		<gerund>maintaining</gerund>
		<requiredCapacities>
			<li>Manipulation</li>
		</requiredCapacities>
		<prioritizeSustains>true</prioritizeSustains>
	</WorkGiverDef>


	<WorkGiverDef>
		<defName>XFMParmor_FillChargingStation</defName>
		<label>fill charging station</label>
		<giverClass>MParmorLibrary.WorkGiver_FillChargingStation</giverClass>
		<workType>Hauling</workType>
		<verb>fill</verb>
		<gerund>filling</gerund>
		<priorityInType>16</priorityInType>
		<requiredCapacities>
			<li>Manipulation</li>
		</requiredCapacities>
	</WorkGiverDef>
</Defs>