<?xml version="1.0" encoding="utf-8"?>
<Defs>
  <DamageDef ParentName="Bomb">
    <defName>MParmor_BombWithoutShake</defName>
    <workerClass>MParmorLibrary.DamageWorker_WithoutShake</workerClass>
  </DamageDef>

  <DamageDef ParentName="Bomb">
    <defName>MParmor_BombWithoutShake_PreventFriendly</defName>
    <workerClass>MParmorLibrary.DamageWorker_PreventFriendly_WithoutShake</workerClass>
  </DamageDef>
  <DamageDef ParentName="Bomb">
    <defName>MParmor_Bomb_IceSpike</defName>
    <label>ice spike</label>
    <workerClass>MParmorLibrary.DamageWorker_PreventFriendly_WithoutShake</workerClass>
    <hediff>Frostbite</hediff>
    <hediffSolid>Frostbite</hediffSolid>
    <harmAllLayersUntilOutside>true</harmAllLayersUntilOutside>
    <explosionColorCenter>(0, 1, 1)</explosionColorCenter>
    <explosionColorEdge>(0.8, 1, 1)</explosionColorEdge>
    <minDamageToFragment>0</minDamageToFragment>
  </DamageDef>
  
  <DamageDef ParentName="Bomb">
    <defName>MParmor_Bomb_ColdWave</defName>
    <label>frozen flood</label>
    <workerClass>MParmorLibrary.DamageWorker_ExplosionWithDirection_Ice</workerClass>
  </DamageDef>
  
  <DamageDef ParentName="Bomb">
    <defName>MParmor_SlefDestructBomb</defName>
    <workerClass>MParmorLibrary.DamageWorker_PreventFriendly</workerClass>
    <defaultDamage>200</defaultDamage>
    <defaultStoppingPower>2.0</defaultStoppingPower>
    <defaultArmorPenetration>1.30</defaultArmorPenetration>
    <buildingDamageFactorImpassable>4</buildingDamageFactorImpassable>
    <buildingDamageFactorPassable>8</buildingDamageFactorPassable>
  </DamageDef>

  <DamageDef>
    <defName>MParmor_Black_BombDamage</defName>
    <label>shock wave</label>
    <workerClass>MParmorLibrary.DamageWorker_ShockWave</workerClass>
    <harmsHealth>false</harmsHealth>
    <makesBlood>false</makesBlood>
    <deathMessage>{0} has been stunned to death.</deathMessage>
    <defaultDamage>5</defaultDamage>
    <defaultStoppingPower>40</defaultStoppingPower>
    <explosionCellFleck>XFMParmor_Black_BombFleck</explosionCellFleck>
    <soundExplosion>Explosion_Bomb</soundExplosion>
    <combatLogRules>Damage_Stun</combatLogRules>
  </DamageDef>

  <DamageDef>
    <defName>MParmor_FrostBullet</defName>
    <label>frost</label>
    <workerClass>MParmorLibrary.DamageWorker_Through</workerClass>
    <externalViolence>true</externalViolence>
    <deathMessage>{0} has been shot to death.</deathMessage>
    <hediff>Gunshot</hediff>
    <additionalHediffs>
      <li>
        <hediff>XFMParmor_Freeze</hediff>
        <severityPerDamageDealt>0.02</severityPerDamageDealt>
      </li>
    </additionalHediffs>
    <harmAllLayersUntilOutside>true</harmAllLayersUntilOutside>
    <impactSoundType>Bullet</impactSoundType>
    <armorCategory>Sharp</armorCategory>
    <overkillPctToDestroyPart>0~0.7</overkillPctToDestroyPart>
    <isRanged>true</isRanged>
    <makesAnimalsFlee>false</makesAnimalsFlee>
  </DamageDef>
</Defs>