<?xml version="1.0" encoding="utf-8" ?>
<Defs>
  <MParmorLibrary.DataLibraryDef>
    <!--The database of various data. If you need to change it, please use Patches-->
    <!--各项数据的数据库，如有需要更改请使用Patches-->
    <defName>DataLibrary</defName>

    <!--Weapons that can penetrate the mech's shield-->
    <!--能够穿透机甲护盾的武器-->
    <weaponDef_IgnoreShield>
      <li>XFMParmor_ThermoBlade</li>
    </weaponDef_IgnoreShield>

    <!--Weapons that can cause three times the damage to the Machine-->
    <!--能够对机体造成3倍伤害的武器-->
    <weaponDef_AntiMachine>
      <li>XFMParmor_AntiMaterielRifle</li>
    </weaponDef_AntiMachine>

    <!--Weapons that can cause three times the damage to the Shield-->
    <!--能够对护盾造成3倍伤害的武器-->
    <weaponDef_AntiShield>

    </weaponDef_AntiShield>

    <forceFriendlyFire>
      <li>Crow: shield barrier, shockblast</li>
      <li>Falcon: active reflection, charged assault</li>
      <li>Owl: arctical gale, frozen flood</li>
      <li>Sparrow: defensive order</li>
      <li>Mechframe self-destruct friendly damage</li>
      <li>Repulsor field generator</li>
    </forceFriendlyFire>
  </MParmorLibrary.DataLibraryDef>
</Defs>