<?xml version="1.0" encoding="utf-8" ?>
<Defs>
  <DutyDef>
    <defName>XFMParmor_Destructer</defName>
    <label>AMF demolisher</label>
    <alwaysShowWeapon>true</alwaysShowWeapon>
    <thinkNode Class="ThinkNode_Priority">
      <subNodes>
        <li Class="JobGiver_TakeCombatEnhancingDrug">
          <onlyIfInDanger>true</onlyIfInDanger>
        </li>
        <li Class="JobGiver_AIFightEnemies">
          <targetAcquireRadius>17</targetAcquireRadius>
          <targetKeepRadius>21</targetKeepRadius>
          <needLOSToAcquireNonPawnTargets>true</needLOSToAcquireNonPawnTargets>
        </li>
        <li Class="MParmorLibrary.JobGiver_AIDestructMParmor"/>
        <li Class="JobGiver_AISapper" />
      </subNodes>
    </thinkNode>
  </DutyDef>

  <DutyDef>
    <defName>XFMParmor_DestructerFollower</defName>
    <label>AMF shielder</label>
    <alwaysShowWeapon>true</alwaysShowWeapon>
    <thinkNode Class="ThinkNode_Priority">
      <subNodes>
        <li Class="JobGiver_TakeCombatEnhancingDrug">
          <onlyIfInDanger>true</onlyIfInDanger>
        </li>
        <li Class="JobGiver_AIFightEnemies">
          <targetAcquireRadius>17</targetAcquireRadius>
          <targetKeepRadius>21</targetKeepRadius>
          <needLOSToAcquireNonPawnTargets>true</needLOSToAcquireNonPawnTargets>
        </li>
        <li Class="MParmorLibrary.JobGiver_AIFollowSecondFocus">
          <radius>7</radius>
        </li>
        <li Class="JobGiver_AISapper" />
      </subNodes>
    </thinkNode>
  </DutyDef>

  <DutyDef>
    <defName>XFMParmor_AntiMParmor_Melee</defName>
    <label>AMF melee combatant</label>
    <alwaysShowWeapon>true</alwaysShowWeapon>
    <thinkNode Class="ThinkNode_Priority">
      <subNodes>
        <li Class="MParmorLibrary.ThinkNode_CheckTarget"/>
        <li Class="JobGiver_TakeCombatEnhancingDrug">
          <onlyIfInDanger>true</onlyIfInDanger>
        </li>
        <li Class="MParmorLibrary.JobGiver_AIFightMParmor">
          <needReach>true</needReach>
          <needLOS>true</needLOS>
          <targetAcquireRadius>29</targetAcquireRadius>
          <targetKeepRadius>31</targetKeepRadius>
        </li>
        <li Class="JobGiver_AISapper" />
      </subNodes>
    </thinkNode>
  </DutyDef>

  <DutyDef>
    <defName>XFMParmor_AntiMParmor_LongDistance</defName>
    <label>AMF ranged combatant</label>
    <alwaysShowWeapon>true</alwaysShowWeapon>
    <thinkNode Class="ThinkNode_Priority">
      <subNodes>
        <li Class="MParmorLibrary.ThinkNode_CheckTarget"/>
        <li Class="JobGiver_TakeCombatEnhancingDrug">
          <onlyIfInDanger>true</onlyIfInDanger>
        </li>
        <li Class="MParmorLibrary.JobGiver_AIFightMParmor_KeepDistanceFromMParmor_AntiMParmor">
          <needLOS>true</needLOS>
          <targetAcquireRadius>45</targetAcquireRadius>
          <targetKeepRadius>50</targetKeepRadius>
        </li>
        <li Class="JobGiver_AISapper" />
      </subNodes>
    </thinkNode>
  </DutyDef>

  <DutyDef>
    <defName>XFMParmor_AntiMParmor_Leader</defName>
    <label>AMF squad leader</label>
    <alwaysShowWeapon>true</alwaysShowWeapon>
    <thinkNode Class="ThinkNode_Priority">
      <subNodes>
        <li Class="MParmorLibrary.ThinkNode_CheckTarget"/>
        <li Class="JobGiver_TakeCombatEnhancingDrug">
          <onlyIfInDanger>true</onlyIfInDanger>
        </li>
        <li Class="MParmorLibrary.ThinkNode_SpawnShield"/>
        <li Class="MParmorLibrary.JobGiver_AIFightMParmor">
          <targetAcquireRadius>30</targetAcquireRadius>
          <targetKeepRadius>35</targetKeepRadius>
        </li>
        <li Class="JobGiver_AISapper" />
      </subNodes>
    </thinkNode>
  </DutyDef>

  <DutyDef>
    <defName>XFMParmor_AntiMParmor_Rocket</defName>
    <label>AMF grenadier</label>
    <alwaysShowWeapon>true</alwaysShowWeapon>
    <thinkNode Class="ThinkNode_Priority">
      <subNodes>
        <li Class="MParmorLibrary.ThinkNode_CheckTarget"/>
        <li Class="JobGiver_TakeCombatEnhancingDrug">
          <onlyIfInDanger>true</onlyIfInDanger>
        </li>
        <li Class="MParmorLibrary.ThinkNode_ChangeEquipment"/>
        <li Class="MParmorLibrary.JobGiver_AIFightMParmor_FollowSecond">
          <distance>5</distance>
          <targetAcquireRadius>30</targetAcquireRadius>
          <targetKeepRadius>35</targetKeepRadius>
        </li>
        <li Class="MParmorLibrary.JobGiver_AIFollowSecondFocus">
          <radius>9</radius>
        </li>
        <li Class="JobGiver_AISapper" />
      </subNodes>
    </thinkNode>
  </DutyDef>
  
  <DutyDef>
    <defName>XFMParmor_AntiMParmor_Standard</defName>
    <label>AMF standard combatant</label>
    <alwaysShowWeapon>true</alwaysShowWeapon>
    <thinkNode Class="ThinkNode_Priority">
      <subNodes>
        <li Class="MParmorLibrary.ThinkNode_CheckTarget"/>
        <li Class="JobGiver_TakeCombatEnhancingDrug">
          <onlyIfInDanger>true</onlyIfInDanger>
        </li>
        <li Class="MParmorLibrary.JobGiver_AIFightMParmor_FollowSecond">
          <distance>5</distance>
          <targetAcquireRadius>30</targetAcquireRadius>
          <targetKeepRadius>35</targetKeepRadius>
        </li>
        <li Class="MParmorLibrary.JobGiver_AIFollowSecondFocus">
          <radius>9</radius>
        </li>
        <li Class="JobGiver_AISapper" />
      </subNodes>
    </thinkNode>
  </DutyDef>
  
  
</Defs>