<?xml version="1.0" encoding="utf-8"?>
<Defs>
  <IncidentDef>
    <defName>MParmor_WreckageFall</defName>
    <label>Mechframe wreckage crash</label>
    <category>Misc</category>
    <targetTags>
      <li>Map_PlayerHome</li>
    </targetTags>
    <workerClass>MParmorLibrary.IncidentWorker_WreckageFall</workerClass>
    <baseChance>0</baseChance>
    <letterLabel>Mech wreckage crash</letterLabel>
    <letterText>A mechframe's wreckage is crashing near the colony! Power cores may be salvaged from it to make your own mechframes.</letterText>
    <letterDef>PositiveEvent</letterDef>
  </IncidentDef>

  <IncidentDef>
    <defName>XFMParmor_GiveQuest_SleepingMechanoids</defName>
    <workerClass>MParmorLibrary.Incident_SleepingMechanoids</workerClass>
    <label>Defended mechframe core</label>
    <letterLabel>defended mech core</letterLabel>
    <baseChance>0</baseChance>
    <category>GiveQuest</category>
    <targetTags>
      <li>World</li>
    </targetTags>
    <letterDef>NewQuest</letterDef>
    <letterText>A mechframe power core is being defended by mechanoids. The cores can be retrieved if the mechanoid threat is dealt with.</letterText>
  </IncidentDef>

  <IncidentDef>
    <defName>XFMParmor_RaidEnemy_AntiMPArmor</defName>
    <label>Raid: Anti-MF</label>
    <targetTags>
      <li>Map_PlayerHome</li>
    </targetTags>
    <workerClass>MParmorLibrary.IncidentWorker_RaidEnemyAntiMParmor</workerClass>
    <baseChance>4.2</baseChance>
    <category>ThreatBig</category>
    <pointsScaleable>true</pointsScaleable>
    <tale>Raid</tale>
  </IncidentDef>
</Defs>