<?xml version="1.0" encoding="utf-8"?>
<Defs>
  <PawnKindDef Name="XFMParmor_AntiMPArmorPawns" Abstract="True">
    <race>Human</race>
    <defaultFactionType>AncientsHostile</defaultFactionType>
    <chemicalAddictionChance>0</chemicalAddictionChance>
    <invNutrition>4.55</invNutrition>
    <itemQuality>Excellent</itemQuality>
    <backstoryCryptosleepCommonality>0.08</backstoryCryptosleepCommonality>
    <maxGenerationAge>45</maxGenerationAge>
    <biocodeWeaponChance>1</biocodeWeaponChance>
    <apparelTags>
      <li>IndustrialBasic</li>
      <li>IndustrialAdvanced</li>
      <li>IndustrialMilitaryBasic</li>
      <li>IndustrialMilitaryAdvanced</li>
    </apparelTags>
    <combatPower>120</combatPower>
    <gearHealthRange>0.7~3.2</gearHealthRange>
    <apparelMoney>700~1900</apparelMoney>
    <apparelAllowHeadgearChance>0</apparelAllowHeadgearChance>
    <weaponMoney>9000</weaponMoney>
    <inventoryOptions>
      <subOptionsTakeAll>
        <li>
          <thingDef>MedicineIndustrial</thingDef>
          <countRange>1~2</countRange>
        </li>
      </subOptionsTakeAll>
    </inventoryOptions>
    <initialResistanceRange>19~29</initialResistanceRange>
    <initialWillRange>3~5</initialWillRange>
    <skills>
      <li>
        <skill>Shooting</skill>
        <range>9~14</range>
      </li>
      <li>
        <skill>Melee</skill>
        <range>9~14</range>
      </li>
    </skills>
  </PawnKindDef>

  <PawnKindDef ParentName="XFMParmor_AntiMPArmorPawns">
    <defName>XFMParmor_AntiMPArmorPawn</defName>
    <label>AMF combatant</label>
    <weaponTags>
      <li>XFMParmor_AntiMPArmor</li>
    </weaponTags>
  </PawnKindDef>

  <PawnKindDef ParentName="XFMParmor_AntiMPArmorPawns">
    <defName>XFMParmor_AntiMPArmorPawn_Melee</defName>
    <label>AMF melee combatant</label>
    <combatPower>220</combatPower>
    <weaponTags Inherit="False">
      <li>XFMParmor_AntiMPArmorMelee</li>
    </weaponTags>
    <apparelRequired>
      <li>XFMParmor_DriverShield</li>
    </apparelRequired>
  </PawnKindDef>

  <PawnKindDef ParentName="XFMParmor_AntiMPArmorPawns">
    <defName>XFMParmor_AntiMPArmorPawn_Long</defName>
    <label>AFM ranged combatant</label>
    <combatPower>190</combatPower>
    <weaponTags>
      <li>XFMParmor_AntiMPArmorLong</li>
    </weaponTags>
  </PawnKindDef>

  <PawnKindDef ParentName="XFMParmor_AntiMPArmorPawns">
    <defName>XFMParmor_AntiMPArmorPawn_Rocket</defName>
    <label>AMF grenadier</label>
    <combatPower>200</combatPower>
    <weaponTags>
      <li>XFMParmor_AntiMPArmor</li>
    </weaponTags>
    <inventoryOptions>
      <thingDef>XFMParmor_RocketLauncher</thingDef>
      <countRange>1</countRange>
    </inventoryOptions>
  </PawnKindDef>

  <PawnKindDef ParentName="XFMParmor_AntiMPArmorPawns">
    <defName>XFMParmor_AntiMPArmorPawn_Shield</defName>
    <label>AMF shielder</label>
    <combatPower>300</combatPower>
    <weaponTags Inherit="False">
      <li>XFMParmor_AntiMPArmor</li>
    </weaponTags>
    <apparelRequired>
      <li>XFMParmor_AntiMParmor_ShieldSpawner</li>
    </apparelRequired>
  </PawnKindDef>
  
</Defs>