<?xml version="1.0" encoding="utf-8" ?>
<Defs>
  <SitePartDef>
    <defName>XFMPArmor_SleepingMechanoids</defName>
    <label>defended mechframe wreck</label>
    <description>A group of hibernating mechanoids are found around a mechframe wreck. You may either acquire the mechframe core with all guns blazing, or sneak in undetected to steal the wreck.</description>
    <workerClass>MParmorLibrary.SitePartWorker_ProtectedMechCore</workerClass>
    <siteTexture>World/WorldObjects/Sites/GenericSite</siteTexture>
    <expandingIconTexture>World/WorldObjects/Expanding/Sites/SleepingPawns</expandingIconTexture>
    <arrivedLetter>Wreck site arrived</arrivedLetter>
    <arrivedLetterDef>NegativeEvent</arrivedLetterDef>
    <wantsThreatPoints>true</wantsThreatPoints>
    <minThreatPoints>600</minThreatPoints>
  </SitePartDef>

  <GenStepDef>
    <defName>XFMParmor_GenStep_SleepingMechanoids</defName>
    <linkWithSite>XFMPArmor_SleepingMechanoids</linkWithSite>
    <order>1600</order>
    <genStep Class="MParmorLibrary.GenStep_ProtectedMechCore" />
  </GenStepDef>
</Defs>