<?xml version="1.0" encoding="utf-8" ?>
<Defs>
  <ThingDef ParentName="Wall">
    <defName>XFMParmor_DescendingWall</defName>
    <label>raised articulated wall</label>
    <description>The internal mechanisms allows this wall to be raised or lowered when powered. Safety system prevents activation under combat situations.</description>
    <thingClass>MParmorLibrary.Wall_DescendingWall</thingClass>
    <graphicData>
      <texPath>XFMParmor/WallDescending</texPath>
      <graphicClass>Graphic_Single</graphicClass>
      <shaderType>CutoutComplex</shaderType>
    </graphicData>
    <uiIconPath>Things/Building/Linked/WallSmooth_MenuIcon</uiIconPath>
    <statBases>
      <MaxHitPoints>900</MaxHitPoints>
      <WorkToBuild>340</WorkToBuild>
      <Flammability>0.0</Flammability>
    </statBases>
    <costStuffCount>10</costStuffCount>
    <terrainAffordanceNeeded>Light</terrainAffordanceNeeded>
    <designationHotKey Inherit = "False"/>
    <costList Inherit = "False">
      <Steel>7</Steel>
    </costList>
    <comps>
      <li Class="CompProperties_Power">
        <compClass>CompPowerTrader</compClass>
        <basePowerConsumption>50</basePowerConsumption>
      </li>
    </comps>
  </ThingDef>

  <ThingDef ParentName="Wall">
    <defName>XFMParmor_DescendingWall_Descending</defName>
    <label>lowered articulated wall</label>
    <description>The internal mechanisms allows this wall to be raised or lowered when powered. Safety system prevents activation under combat situations.</description>
    <thingClass>MParmorLibrary.Wall_DescendingWall</thingClass>
    <graphicData>
      <texPath>XFMParmor/WallDescended</texPath>
      <graphicClass>Graphic_Single</graphicClass>
      <shaderType>CutoutComplex</shaderType>
      <linkFlags Inherit = "False">
        <li>64</li>
      </linkFlags>
    </graphicData>
    <uiIconPath>Things/Building/Linked/WallSmooth_MenuIcon</uiIconPath>
    <statBases>
      <MaxHitPoints>900</MaxHitPoints>
      <WorkToBuild>340</WorkToBuild>
      <Flammability>0.0</Flammability>
    </statBases>
    <blockWind>false</blockWind>
    <castEdgeShadows>false</castEdgeShadows>
    <costStuffCount>10</costStuffCount>
    <terrainAffordanceNeeded>Light</terrainAffordanceNeeded>
    <designationHotKey Inherit = "False"/>
    <staticSunShadowHeight>0</staticSunShadowHeight>
    <passability>PassThroughOnly</passability>
    <designationCategory Inherit = "False"/>
    <fillPercent>0</fillPercent>
    <costList Inherit = "False">
      <Steel>7</Steel>
    </costList>
    <comps>
      <li Class="CompProperties_Power">
        <compClass>CompPowerTrader</compClass>
        <basePowerConsumption>50</basePowerConsumption>
      </li>
    </comps>
  </ThingDef>


  <ThingDef ParentName="Wall">
    <defName>XFMParmor_SelfRepairingWall</defName>
    <label>regenerating wall</label>
    <description>Advanced wall that repairs damage overtime at the expence of heightened power consumption.</description>
    <thingClass>MParmorLibrary.Wall_SelfRepairing</thingClass>
    <graphicData>
      <texPath>XFMParmor/Wall_SelfRepairing</texPath>
      <graphicClass>Graphic_Single</graphicClass>
      <shaderType>CutoutComplex</shaderType>
    </graphicData>
    <drawerType>MapMeshAndRealTime</drawerType>
    <uiIconPath>Things/Building/Linked/WallSmooth_MenuIcon</uiIconPath>
    <tickerType>Normal</tickerType>
    <statBases>
      <MaxHitPoints>900</MaxHitPoints>
      <WorkToBuild>340</WorkToBuild>
      <Flammability>0.0</Flammability>
    </statBases>
    <costStuffCount>10</costStuffCount>
    <terrainAffordanceNeeded>Light</terrainAffordanceNeeded>
    <designationHotKey Inherit = "False"/>
    <costList Inherit = "False">
      <Steel>3</Steel>
      <ComponentIndustrial>1</ComponentIndustrial>
    </costList>
    <comps>
      <li Class="MParmorLibrary.CompProperties_LayerDrawer">
        <compClass>MParmorLibrary.CompLayerDrawer_Wall_SelfRepairing</compClass>
        <graphics>
          <li>
            <graphicData>
              <texPath>XFMParmor/Wall</texPath>
              <graphicClass>Graphic_Single</graphicClass>
              <linkType>CornerFiller</linkType>
              <linkFlags>
                <li>Wall</li>
                <li>Rock</li>
              </linkFlags>
            </graphicData>
            
            <altitudeLayer>BuildingOnTop</altitudeLayer>
          </li>
        </graphics>
      </li>
      <li Class="CompProperties_Power">
        <compClass>CompPowerTrader</compClass>
        <basePowerConsumption>5</basePowerConsumption>
      </li>
    </comps>
  </ThingDef>
</Defs>