<?xml version="1.0" encoding="utf-8" ?>
<Defs>
  <ThingDef ParentName="ResourceBase" Name="XFMParmor_PartsResourse" Abstract="True">
    <soundInteract>Metal_Drop</soundInteract>
    <soundDrop>Standard_Drop</soundDrop>
    <stackLimit>5</stackLimit>
    <healthAffectsPrice>false</healthAffectsPrice>
    <statBases>
      <MaxHitPoints>200</MaxHitPoints>
      <DeteriorationRate>2.0</DeteriorationRate>
    </statBases>
    <intricate>true</intricate>
    <thingCategories>
      <li>Manufactured</li>
    </thingCategories>
    <tradeTags>
      <li>ExoticMisc</li>
    </tradeTags>
    <thingSetMakerTags>
      <li>RewardStandardHighFreq</li>
    </thingSetMakerTags>
  </ThingDef>
  <ThingDef ParentName="XFMParmor_PartsResourse" Name="XFMParmor_PartsResourseMakable" Abstract="True">
    <recipeMaker>
      <recipeUsers><li>FabricationBench</li></recipeUsers>
      <workSpeedStat>GeneralLaborSpeed</workSpeedStat>
      <effectWorking>Cook</effectWorking>
      <soundWorking>Recipe_Machining</soundWorking>
      <workAmount>10000</workAmount>
      <unfinishedThingDef>UnfinishedComponent</unfinishedThingDef>
      <skillRequirements>
        <Crafting>8</Crafting>
      </skillRequirements>
      <workSkill>Crafting</workSkill>
    </recipeMaker>
  </ThingDef>

  <!--
  XFMParmor_PartArmor
  XFMParmor_PartControl
  XFMParmor_PartShield
  XFMParmor_PartWeapon
  
  XFMParmor_PartEnergy
  -->
  <ThingDef ParentName="XFMParmor_PartsResourseMakable">
    <defName>XFMParmor_PartArmor</defName>
    <label>mechframe armor</label>
    <description>This component forms the chassis of mechframes. It is also needed for repairing damaged frames.</description>
    <graphicData>
      <texPath>XFMParmor/Parts/ArmorPart</texPath>
      <graphicClass>Graphic_Single</graphicClass>
      <drawSize>1.5</drawSize>
    </graphicData>
    <statBases>
      <Mass>15</Mass>
      <DeteriorationRate>0</DeteriorationRate>
    </statBases>
    <costList>
      <Plasteel>75</Plasteel>
      <Steel>150</Steel>
    </costList>
    <recipeMaker>
      <researchPrerequisite>XFMParmor_ResearchArmor</researchPrerequisite>
    </recipeMaker>
  </ThingDef>
  <ThingDef ParentName="XFMParmor_PartsResourseMakable">
    <defName>XFMParmor_PartControl</defName>
    <label>mechframe control module</label>
    <description>Component that recognizes pilot's input, processes and output it as adequate control signal.</description>
    <graphicData>
      <texPath>XFMParmor/Parts/ControlPart</texPath>
      <graphicClass>Graphic_Single</graphicClass>
      <drawSize>1.5</drawSize>
    </graphicData>
    <statBases>
      <Mass>10</Mass>
    </statBases>
    <costList>
      <ComponentSpacer>2</ComponentSpacer>
      <Gold>30</Gold>
    </costList>
    <recipeMaker>
      <researchPrerequisite>XFMParmor_ResearchControl</researchPrerequisite>
    </recipeMaker>
  </ThingDef>
  <ThingDef ParentName="XFMParmor_PartsResourseMakable">
    <defName>XFMParmor_PartShield</defName>
    <label>mechframe shield generator</label>
    <description>Powerful shield generator that protects the mechframe, takes time to charge up.</description>
    <graphicData>
      <texPath>XFMParmor/Parts/ShieldPart</texPath>
      <graphicClass>Graphic_Single</graphicClass>
      <drawSize>1.5</drawSize>
    </graphicData>
    <statBases>
      <Mass>30</Mass>
    </statBases>
    <costList>
      <Jade>150</Jade>
      <ComponentIndustrial>5</ComponentIndustrial>
    </costList>
    <recipeMaker>
      <researchPrerequisite>XFMParmor_ResearchShield</researchPrerequisite>
    </recipeMaker>
  </ThingDef>
  <ThingDef ParentName="XFMParmor_PartsResourseMakable">
    <defName>XFMParmor_PartWeapon</defName>
    <label>mechframe weaponry</label>
    <description>Anything weapon related, from barrels, receivers, magazines to weapon mounts.</description>
    <graphicData>
      <texPath>XFMParmor/Parts/WeaponPart</texPath>
      <graphicClass>Graphic_Single</graphicClass>
      <drawSize>1.5</drawSize>
    </graphicData>
    <statBases>
      <Mass>50</Mass>
    </statBases>
    <costList>
      <ReinforcedBarrel>4</ReinforcedBarrel>
      <Plasteel>150</Plasteel>
    </costList>
    <recipeMaker>
      <researchPrerequisite>XFMParmor_ResearchWeapon</researchPrerequisite>
    </recipeMaker>
  </ThingDef>
  <ThingDef ParentName="XFMParmor_PartsResourseMakable">
    <defName>XFMParmor_PartEnergy</defName>
    <label>mechframe power core</label>
    <description>The center piece of mechframe, powers and integrates different parts into a harmonious entity.</description>
    <tradeability>Sellable</tradeability>
    <statBases>
      <Mass>50</Mass>
    </statBases>
    <graphicData>
      <texPath>XFMParmor/Parts/EnergyPart</texPath>
      <graphicClass>Graphic_Single</graphicClass>
      <drawSize>1.5</drawSize>
    </graphicData>
    <costList>
      <AIPersonaCore>1</AIPersonaCore>
    </costList>
    <recipeMaker>
      <researchPrerequisite>XFMParmor_Root</researchPrerequisite>
    </recipeMaker>
  </ThingDef>
</Defs>