<?xml version="1.0" encoding="utf-8"?>
<Defs>

  <ApparelLayerDef>
    <defName>XFMParmor_Layer_MechanicalArmorCore</defName>
    <label>core</label>
    <drawOrder>900</drawOrder>
  </ApparelLayerDef>

  <ThingDef Name="XFMParmor_MechanicalArmorCore" Abstract="True">
    <thingClass>MParmorLibrary.MParmorCore</thingClass>
    <category>Item</category>
    <selectable>True</selectable>
    <pathCost>0</pathCost>
    <generateAllowChance>0</generateAllowChance>
    <tradeability>None</tradeability>
    <useHitPoints>False</useHitPoints>
    <techLevel>Spacer</techLevel>
    <graphicData>
      <texPath>XFMParmor/Shield</texPath>
      <shaderType>Transparent</shaderType>
      <graphicClass>Graphic_Single</graphicClass>
    </graphicData>
    <drawGUIOverlay>true</drawGUIOverlay>
    <tickerType>Normal</tickerType>
    <statBases>
      <Mass>0</Mass>
      <WorkToMake>0</WorkToMake>
      <Flammability>0</Flammability>
      <Insulation_Cold>20</Insulation_Cold>
      <Insulation_Heat>20</Insulation_Heat>
    </statBases>
    <equippedStatOffsets>
      <Flammability>-10</Flammability>
      <WorkSpeedGlobal>-10</WorkSpeedGlobal>
      <MeleeDodgeChance>-10</MeleeDodgeChance>
      <ToxicSensitivity>-10</ToxicSensitivity>
    </equippedStatOffsets>
    <altitudeLayer>Item</altitudeLayer>
    <alwaysHaulable>True</alwaysHaulable>
    <comps>
      <li Class="CompProperties_Forbiddable"/>
    </comps>
    <apparel>
      <careIfWornByCorpse>false</careIfWornByCorpse>
      <careIfDamaged>false</careIfDamaged>
      <wearPerDay>0</wearPerDay>
      <tags>
        <li>EVA</li>
        <li>MParmor</li>
      </tags>
      <bodyPartGroups>
        <li>Torso</li>
        <li>Shoulders</li>
        <li>Arms</li>
        <li>Legs</li>
        <li>UpperHead</li>
        <li>Waist</li>
      </bodyPartGroups>
      <layers>
        <li>XFMParmor_Layer_MechanicalArmorCore</li>
      </layers>
    </apparel>
  </ThingDef>

</Defs>
  